[{
    
	"name":"阿萨德",
	"price":99.99,
	"id":2,
	"brand":"ALTAIR",
	"type":"AL30261",
	"derive":446,
	"date":10.120,
	"prototype":"阿斯顿",
	"category":"PVC涂装完成品",
	"ratio":200,
	"age":15,
	"goodsImg":548,
	"limitation":0,
	"attr":158711484
},{
   "name":"阿萨德",
   "price":99.99,
   "id":2,
   "brand":"ALTAIR",
   "type":"AL30261",
   "derive":446,
   "date":10.120,
   "prototype":"阿斯顿",
   "category":"PVC涂装完成品",
   "ratio":200,
   "age":15,
   "goodsImg":548,
   "limitation":0,
   "attr":158711484
},{
   "name":"阿萨德",
   "price":99.99,
   "id":2,
   "brand":"ALTAIR",
   "type":"AL30261",
   "derive":446,
   "date":10.120,
   "prototype":"阿斯顿",
   "category":"PVC涂装完成品",
   "ratio":200,
   "age":15,
   "goodsImg":548,
   "limitation":0,
   "attr":158711484
},{
   "name":"阿萨德",
   "price":99.99,
   "id":2,
   "brand":"ALTAIR",
   "type":"AL30261",
   "derive":446,
   "date":10.120,
   "prototype":"阿斯顿",
   "category":"PVC涂装完成品",
   "ratio":200,
   "age":15,
   "goodsImg":548,
   "limitation":0,
   "attr":158711484
},{
   "name":"阿萨德",
   "price":99.99,
   "id":2,
   "brand":"ALTAIR",
   "type":"AL30261",
   "derive":446,
   "date":10.120,
   "prototype":"阿斯顿",
   "category":"PVC涂装完成品",
   "ratio":200,
   "age":15,
   "goodsImg":548,
   "limitation":0,
   "attr":158711484
},{
   "name":"阿萨德",
   "price":99.99,
   "id":2,
   "brand":"ALTAIR",
   "type":"AL30261",
   "derive":446,
   "date":10.120,
   "prototype":"阿斯顿",
   "category":"PVC涂装完成品",
   "ratio":200,
   "age":15,
   "goodsImg":548,
   "limitation":0,
   "attr":158711484
}]